<appwizard><introduction><name></name><author>xsserme</author><icon></icon><homepage></homepage><description><![CDATA[xsserme]]></description></introduction><platform><services><service></service><service size="5M">Memcache</service><service>Mysql</service></services><appconfig><tpl><![CDATA[
name: <<appname>>
version: <<version>>
version: 1
handle:
	-rewrite: if(path ~ "(\w{5,7}$)") goto "index.php?do=code&urlKey=$1"
]]></tpl></appconfig></platform><code><initScript>/index.php</initScript></code></appwizard>